--
-- PostgreSQL database dump
--

-- Dumped from database version 15.3
-- Dumped by pg_dump version 15.3

SET statement_timeout = 0;
SET lock_timeout = 0;
SET idle_in_transaction_session_timeout = 0;
SET client_encoding = 'UTF8';
SET standard_conforming_strings = on;
SELECT pg_catalog.set_config('search_path', '', false);
SET check_function_bodies = false;
SET xmloption = content;
SET client_min_messages = warning;
SET row_security = off;

SET default_tablespace = '';

SET default_table_access_method = heap;

--
-- Name: actividades_actividad; Type: TABLE; Schema: public; Owner: postgres
--

CREATE TABLE public.actividades_actividad (
    id integer NOT NULL,
    descripcion character varying(45) NOT NULL,
    categoria_id integer NOT NULL
);


ALTER TABLE public.actividades_actividad OWNER TO postgres;

--
-- Name: actividades_actividad_id_seq; Type: SEQUENCE; Schema: public; Owner: postgres
--

ALTER TABLE public.actividades_actividad ALTER COLUMN id ADD GENERATED BY DEFAULT AS IDENTITY (
    SEQUENCE NAME public.actividades_actividad_id_seq
    START WITH 1
    INCREMENT BY 1
    NO MINVALUE
    NO MAXVALUE
    CACHE 1
);


--
-- Name: actividades_categoria; Type: TABLE; Schema: public; Owner: postgres
--

CREATE TABLE public.actividades_categoria (
    id integer NOT NULL,
    descripcion character varying(45) NOT NULL,
    usuario_id bigint NOT NULL
);


ALTER TABLE public.actividades_categoria OWNER TO postgres;

--
-- Name: actividades_categoria_id_seq; Type: SEQUENCE; Schema: public; Owner: postgres
--

ALTER TABLE public.actividades_categoria ALTER COLUMN id ADD GENERATED BY DEFAULT AS IDENTITY (
    SEQUENCE NAME public.actividades_categoria_id_seq
    START WITH 1
    INCREMENT BY 1
    NO MINVALUE
    NO MAXVALUE
    CACHE 1
);


--
-- Name: actividades_usuario_actividad; Type: TABLE; Schema: public; Owner: postgres
--

CREATE TABLE public.actividades_usuario_actividad (
    id bigint NOT NULL,
    actividad_id integer NOT NULL,
    usuario_id bigint NOT NULL
);


ALTER TABLE public.actividades_usuario_actividad OWNER TO postgres;

--
-- Name: actividades_usuario_actividad_id_seq; Type: SEQUENCE; Schema: public; Owner: postgres
--

ALTER TABLE public.actividades_usuario_actividad ALTER COLUMN id ADD GENERATED BY DEFAULT AS IDENTITY (
    SEQUENCE NAME public.actividades_usuario_actividad_id_seq
    START WITH 1
    INCREMENT BY 1
    NO MINVALUE
    NO MAXVALUE
    CACHE 1
);


--
-- Name: auth_group; Type: TABLE; Schema: public; Owner: postgres
--

CREATE TABLE public.auth_group (
    id integer NOT NULL,
    name character varying(150) NOT NULL
);


ALTER TABLE public.auth_group OWNER TO postgres;

--
-- Name: auth_group_id_seq; Type: SEQUENCE; Schema: public; Owner: postgres
--

ALTER TABLE public.auth_group ALTER COLUMN id ADD GENERATED BY DEFAULT AS IDENTITY (
    SEQUENCE NAME public.auth_group_id_seq
    START WITH 1
    INCREMENT BY 1
    NO MINVALUE
    NO MAXVALUE
    CACHE 1
);


--
-- Name: auth_group_permissions; Type: TABLE; Schema: public; Owner: postgres
--

CREATE TABLE public.auth_group_permissions (
    id bigint NOT NULL,
    group_id integer NOT NULL,
    permission_id integer NOT NULL
);


ALTER TABLE public.auth_group_permissions OWNER TO postgres;

--
-- Name: auth_group_permissions_id_seq; Type: SEQUENCE; Schema: public; Owner: postgres
--

ALTER TABLE public.auth_group_permissions ALTER COLUMN id ADD GENERATED BY DEFAULT AS IDENTITY (
    SEQUENCE NAME public.auth_group_permissions_id_seq
    START WITH 1
    INCREMENT BY 1
    NO MINVALUE
    NO MAXVALUE
    CACHE 1
);


--
-- Name: auth_permission; Type: TABLE; Schema: public; Owner: postgres
--

CREATE TABLE public.auth_permission (
    id integer NOT NULL,
    name character varying(255) NOT NULL,
    content_type_id integer NOT NULL,
    codename character varying(100) NOT NULL
);


ALTER TABLE public.auth_permission OWNER TO postgres;

--
-- Name: auth_permission_id_seq; Type: SEQUENCE; Schema: public; Owner: postgres
--

ALTER TABLE public.auth_permission ALTER COLUMN id ADD GENERATED BY DEFAULT AS IDENTITY (
    SEQUENCE NAME public.auth_permission_id_seq
    START WITH 1
    INCREMENT BY 1
    NO MINVALUE
    NO MAXVALUE
    CACHE 1
);


--
-- Name: django_admin_log; Type: TABLE; Schema: public; Owner: postgres
--

CREATE TABLE public.django_admin_log (
    id integer NOT NULL,
    action_time timestamp with time zone NOT NULL,
    object_id text,
    object_repr character varying(200) NOT NULL,
    action_flag smallint NOT NULL,
    change_message text NOT NULL,
    content_type_id integer,
    user_id bigint NOT NULL,
    CONSTRAINT django_admin_log_action_flag_check CHECK ((action_flag >= 0))
);


ALTER TABLE public.django_admin_log OWNER TO postgres;

--
-- Name: django_admin_log_id_seq; Type: SEQUENCE; Schema: public; Owner: postgres
--

ALTER TABLE public.django_admin_log ALTER COLUMN id ADD GENERATED BY DEFAULT AS IDENTITY (
    SEQUENCE NAME public.django_admin_log_id_seq
    START WITH 1
    INCREMENT BY 1
    NO MINVALUE
    NO MAXVALUE
    CACHE 1
);


--
-- Name: django_content_type; Type: TABLE; Schema: public; Owner: postgres
--

CREATE TABLE public.django_content_type (
    id integer NOT NULL,
    app_label character varying(100) NOT NULL,
    model character varying(100) NOT NULL
);


ALTER TABLE public.django_content_type OWNER TO postgres;

--
-- Name: django_content_type_id_seq; Type: SEQUENCE; Schema: public; Owner: postgres
--

ALTER TABLE public.django_content_type ALTER COLUMN id ADD GENERATED BY DEFAULT AS IDENTITY (
    SEQUENCE NAME public.django_content_type_id_seq
    START WITH 1
    INCREMENT BY 1
    NO MINVALUE
    NO MAXVALUE
    CACHE 1
);


--
-- Name: django_migrations; Type: TABLE; Schema: public; Owner: postgres
--

CREATE TABLE public.django_migrations (
    id bigint NOT NULL,
    app character varying(255) NOT NULL,
    name character varying(255) NOT NULL,
    applied timestamp with time zone NOT NULL
);


ALTER TABLE public.django_migrations OWNER TO postgres;

--
-- Name: django_migrations_id_seq; Type: SEQUENCE; Schema: public; Owner: postgres
--

ALTER TABLE public.django_migrations ALTER COLUMN id ADD GENERATED BY DEFAULT AS IDENTITY (
    SEQUENCE NAME public.django_migrations_id_seq
    START WITH 1
    INCREMENT BY 1
    NO MINVALUE
    NO MAXVALUE
    CACHE 1
);


--
-- Name: django_session; Type: TABLE; Schema: public; Owner: postgres
--

CREATE TABLE public.django_session (
    session_key character varying(40) NOT NULL,
    session_data text NOT NULL,
    expire_date timestamp with time zone NOT NULL
);


ALTER TABLE public.django_session OWNER TO postgres;

--
-- Name: solicitudes_estado; Type: TABLE; Schema: public; Owner: postgres
--

CREATE TABLE public.solicitudes_estado (
    id integer NOT NULL,
    nombre character varying(45) NOT NULL
);


ALTER TABLE public.solicitudes_estado OWNER TO postgres;

--
-- Name: solicitudes_estado_id_seq; Type: SEQUENCE; Schema: public; Owner: postgres
--

ALTER TABLE public.solicitudes_estado ALTER COLUMN id ADD GENERATED BY DEFAULT AS IDENTITY (
    SEQUENCE NAME public.solicitudes_estado_id_seq
    START WITH 1
    INCREMENT BY 1
    NO MINVALUE
    NO MAXVALUE
    CACHE 1
);


--
-- Name: solicitudes_rol_estado; Type: TABLE; Schema: public; Owner: postgres
--

CREATE TABLE public.solicitudes_rol_estado (
    id bigint NOT NULL,
    estado_id integer NOT NULL,
    rol_id integer NOT NULL
);


ALTER TABLE public.solicitudes_rol_estado OWNER TO postgres;

--
-- Name: solicitudes_rol_estado_id_seq; Type: SEQUENCE; Schema: public; Owner: postgres
--

ALTER TABLE public.solicitudes_rol_estado ALTER COLUMN id ADD GENERATED BY DEFAULT AS IDENTITY (
    SEQUENCE NAME public.solicitudes_rol_estado_id_seq
    START WITH 1
    INCREMENT BY 1
    NO MINVALUE
    NO MAXVALUE
    CACHE 1
);


--
-- Name: solicitudes_solicitud; Type: TABLE; Schema: public; Owner: postgres
--

CREATE TABLE public.solicitudes_solicitud (
    id integer NOT NULL,
    fecha timestamp with time zone NOT NULL,
    descripcion character varying(250) NOT NULL,
    fecha_inicio timestamp with time zone,
    fecha_entrega timestamp with time zone,
    fecha_cierre timestamp with time zone,
    observacion character varying(250),
    actividad_id integer NOT NULL,
    estado_id integer NOT NULL,
    usuario_solicitante_id bigint NOT NULL,
    usuario_tecnico_id bigint
);


ALTER TABLE public.solicitudes_solicitud OWNER TO postgres;

--
-- Name: solicitudes_solicitud_id_seq; Type: SEQUENCE; Schema: public; Owner: postgres
--

ALTER TABLE public.solicitudes_solicitud ALTER COLUMN id ADD GENERATED BY DEFAULT AS IDENTITY (
    SEQUENCE NAME public.solicitudes_solicitud_id_seq
    START WITH 1
    INCREMENT BY 1
    NO MINVALUE
    NO MAXVALUE
    CACHE 1
);


--
-- Name: usuarios_rol; Type: TABLE; Schema: public; Owner: postgres
--

CREATE TABLE public.usuarios_rol (
    id integer NOT NULL,
    descripcion character varying(30) NOT NULL
);


ALTER TABLE public.usuarios_rol OWNER TO postgres;

--
-- Name: usuarios_rol_id_seq; Type: SEQUENCE; Schema: public; Owner: postgres
--

ALTER TABLE public.usuarios_rol ALTER COLUMN id ADD GENERATED BY DEFAULT AS IDENTITY (
    SEQUENCE NAME public.usuarios_rol_id_seq
    START WITH 1
    INCREMENT BY 1
    NO MINVALUE
    NO MAXVALUE
    CACHE 1
);


--
-- Name: usuarios_usuario; Type: TABLE; Schema: public; Owner: postgres
--

CREATE TABLE public.usuarios_usuario (
    id bigint NOT NULL,
    password character varying(128) NOT NULL,
    last_login timestamp with time zone,
    is_superuser boolean NOT NULL,
    username character varying(150) NOT NULL,
    first_name character varying(150) NOT NULL,
    last_name character varying(150) NOT NULL,
    email character varying(254) NOT NULL,
    is_staff boolean NOT NULL,
    is_active boolean NOT NULL,
    date_joined timestamp with time zone NOT NULL,
    documento character varying(20) NOT NULL,
    rol_id integer NOT NULL
);


ALTER TABLE public.usuarios_usuario OWNER TO postgres;

--
-- Name: usuarios_usuario_groups; Type: TABLE; Schema: public; Owner: postgres
--

CREATE TABLE public.usuarios_usuario_groups (
    id bigint NOT NULL,
    usuario_id bigint NOT NULL,
    group_id integer NOT NULL
);


ALTER TABLE public.usuarios_usuario_groups OWNER TO postgres;

--
-- Name: usuarios_usuario_groups_id_seq; Type: SEQUENCE; Schema: public; Owner: postgres
--

ALTER TABLE public.usuarios_usuario_groups ALTER COLUMN id ADD GENERATED BY DEFAULT AS IDENTITY (
    SEQUENCE NAME public.usuarios_usuario_groups_id_seq
    START WITH 1
    INCREMENT BY 1
    NO MINVALUE
    NO MAXVALUE
    CACHE 1
);


--
-- Name: usuarios_usuario_id_seq; Type: SEQUENCE; Schema: public; Owner: postgres
--

ALTER TABLE public.usuarios_usuario ALTER COLUMN id ADD GENERATED BY DEFAULT AS IDENTITY (
    SEQUENCE NAME public.usuarios_usuario_id_seq
    START WITH 1
    INCREMENT BY 1
    NO MINVALUE
    NO MAXVALUE
    CACHE 1
);


--
-- Name: usuarios_usuario_user_permissions; Type: TABLE; Schema: public; Owner: postgres
--

CREATE TABLE public.usuarios_usuario_user_permissions (
    id bigint NOT NULL,
    usuario_id bigint NOT NULL,
    permission_id integer NOT NULL
);


ALTER TABLE public.usuarios_usuario_user_permissions OWNER TO postgres;

--
-- Name: usuarios_usuario_user_permissions_id_seq; Type: SEQUENCE; Schema: public; Owner: postgres
--

ALTER TABLE public.usuarios_usuario_user_permissions ALTER COLUMN id ADD GENERATED BY DEFAULT AS IDENTITY (
    SEQUENCE NAME public.usuarios_usuario_user_permissions_id_seq
    START WITH 1
    INCREMENT BY 1
    NO MINVALUE
    NO MAXVALUE
    CACHE 1
);


--
-- Data for Name: actividades_actividad; Type: TABLE DATA; Schema: public; Owner: postgres
--

COPY public.actividades_actividad (id, descripcion, categoria_id) FROM stdin;
1	actualizacion de sistema operativo	1
2	instalacion de office	1
3	No enciende el computador	2
4	nueva categoria	1
5	nueva categoria 2	2
6	nueva categoria 2	2
\.


--
-- Data for Name: actividades_categoria; Type: TABLE DATA; Schema: public; Owner: postgres
--

COPY public.actividades_categoria (id, descripcion, usuario_id) FROM stdin;
1	Software	3
2	Hardware	4
\.


--
-- Data for Name: actividades_usuario_actividad; Type: TABLE DATA; Schema: public; Owner: postgres
--

COPY public.actividades_usuario_actividad (id, actividad_id, usuario_id) FROM stdin;
1	1	2
2	2	2
3	3	2
\.


--
-- Data for Name: auth_group; Type: TABLE DATA; Schema: public; Owner: postgres
--

COPY public.auth_group (id, name) FROM stdin;
\.


--
-- Data for Name: auth_group_permissions; Type: TABLE DATA; Schema: public; Owner: postgres
--

COPY public.auth_group_permissions (id, group_id, permission_id) FROM stdin;
\.


--
-- Data for Name: auth_permission; Type: TABLE DATA; Schema: public; Owner: postgres
--

COPY public.auth_permission (id, name, content_type_id, codename) FROM stdin;
1	Can add log entry	1	add_logentry
2	Can change log entry	1	change_logentry
3	Can delete log entry	1	delete_logentry
4	Can view log entry	1	view_logentry
5	Can add permission	2	add_permission
6	Can change permission	2	change_permission
7	Can delete permission	2	delete_permission
8	Can view permission	2	view_permission
9	Can add group	3	add_group
10	Can change group	3	change_group
11	Can delete group	3	delete_group
12	Can view group	3	view_group
13	Can add content type	4	add_contenttype
14	Can change content type	4	change_contenttype
15	Can delete content type	4	delete_contenttype
16	Can view content type	4	view_contenttype
17	Can add session	5	add_session
18	Can change session	5	change_session
19	Can delete session	5	delete_session
20	Can view session	5	view_session
21	Can add rol	6	add_rol
22	Can change rol	6	change_rol
23	Can delete rol	6	delete_rol
24	Can view rol	6	view_rol
25	Can add user	7	add_usuario
26	Can change user	7	change_usuario
27	Can delete user	7	delete_usuario
28	Can view user	7	view_usuario
29	Can add estado	8	add_estado
30	Can change estado	8	change_estado
31	Can delete estado	8	delete_estado
32	Can view estado	8	view_estado
33	Can add solicitud	9	add_solicitud
34	Can change solicitud	9	change_solicitud
35	Can delete solicitud	9	delete_solicitud
36	Can view solicitud	9	view_solicitud
37	Can add rol_ estado	10	add_rol_estado
38	Can change rol_ estado	10	change_rol_estado
39	Can delete rol_ estado	10	delete_rol_estado
40	Can view rol_ estado	10	view_rol_estado
41	Can add actividad	11	add_actividad
42	Can change actividad	11	change_actividad
43	Can delete actividad	11	delete_actividad
44	Can view actividad	11	view_actividad
45	Can add usuario_ actividad	12	add_usuario_actividad
46	Can change usuario_ actividad	12	change_usuario_actividad
47	Can delete usuario_ actividad	12	delete_usuario_actividad
48	Can view usuario_ actividad	12	view_usuario_actividad
49	Can add categoria	13	add_categoria
50	Can change categoria	13	change_categoria
51	Can delete categoria	13	delete_categoria
52	Can view categoria	13	view_categoria
\.


--
-- Data for Name: django_admin_log; Type: TABLE DATA; Schema: public; Owner: postgres
--

COPY public.django_admin_log (id, action_time, object_id, object_repr, action_flag, change_message, content_type_id, user_id) FROM stdin;
\.


--
-- Data for Name: django_content_type; Type: TABLE DATA; Schema: public; Owner: postgres
--

COPY public.django_content_type (id, app_label, model) FROM stdin;
1	admin	logentry
2	auth	permission
3	auth	group
4	contenttypes	contenttype
5	sessions	session
6	usuarios	rol
7	usuarios	usuario
8	solicitudes	estado
9	solicitudes	solicitud
10	solicitudes	rol_estado
11	actividades	actividad
12	actividades	usuario_actividad
13	actividades	categoria
\.


--
-- Data for Name: django_migrations; Type: TABLE DATA; Schema: public; Owner: postgres
--

COPY public.django_migrations (id, app, name, applied) FROM stdin;
1	contenttypes	0001_initial	2023-05-22 00:02:25.962643-05
2	contenttypes	0002_remove_content_type_name	2023-05-22 00:02:25.970673-05
3	auth	0001_initial	2023-05-22 00:02:26.024637-05
4	auth	0002_alter_permission_name_max_length	2023-05-22 00:02:26.030636-05
5	auth	0003_alter_user_email_max_length	2023-05-22 00:02:26.039637-05
6	auth	0004_alter_user_username_opts	2023-05-22 00:02:26.045637-05
7	auth	0005_alter_user_last_login_null	2023-05-22 00:02:26.050635-05
8	auth	0006_require_contenttypes_0002	2023-05-22 00:02:26.052643-05
9	auth	0007_alter_validators_add_error_messages	2023-05-22 00:02:26.058646-05
10	auth	0008_alter_user_username_max_length	2023-05-22 00:02:26.065668-05
11	auth	0009_alter_user_last_name_max_length	2023-05-22 00:02:26.070674-05
12	auth	0010_alter_group_name_max_length	2023-05-22 00:02:26.077657-05
13	auth	0011_update_proxy_permissions	2023-05-22 00:02:26.083647-05
14	auth	0012_alter_user_first_name_max_length	2023-05-22 00:02:26.088645-05
15	usuarios	0001_initial	2023-05-22 00:02:26.161673-05
16	actividades	0001_initial	2023-05-22 00:02:26.214635-05
17	admin	0001_initial	2023-05-22 00:02:26.242654-05
18	admin	0002_logentry_remove_auto_add	2023-05-22 00:02:26.250676-05
19	admin	0003_logentry_add_action_flag_choices	2023-05-22 00:02:26.258672-05
20	sessions	0001_initial	2023-05-22 00:02:26.275643-05
21	solicitudes	0001_initial	2023-05-22 00:02:26.340596-05
22	actividades	0002_rename_categoria_id_actividad_categoria_and_more	2023-05-22 00:06:02.052444-05
23	solicitudes	0002_rename_estado_id_rol_estado_estado_and_more	2023-05-22 00:06:02.13942-05
24	usuarios	0002_rename_rol_id_usuario_rol	2023-05-22 00:06:02.154414-05
25	usuarios	0003_alter_usuario_rol	2023-05-22 00:29:55.631997-05
26	actividades	0003_auto_20230526_2334	2023-05-26 23:34:18.342119-05
27	solicitudes	0003_auto_20230526_2333	2023-05-26 23:34:18.344468-05
28	usuarios	0004_auto_20230526_2333	2023-05-26 23:34:18.346456-05
\.


--
-- Data for Name: django_session; Type: TABLE DATA; Schema: public; Owner: postgres
--

COPY public.django_session (session_key, session_data, expire_date) FROM stdin;
\.


--
-- Data for Name: solicitudes_estado; Type: TABLE DATA; Schema: public; Owner: postgres
--

COPY public.solicitudes_estado (id, nombre) FROM stdin;
1	Solicitada
3	Rechazada
4	Pendiente
5	Cerrada
2	En Tramite
\.


--
-- Data for Name: solicitudes_rol_estado; Type: TABLE DATA; Schema: public; Owner: postgres
--

COPY public.solicitudes_rol_estado (id, estado_id, rol_id) FROM stdin;
1	1	1
2	4	2
3	5	2
4	2	3
5	3	3
\.


--
-- Data for Name: solicitudes_solicitud; Type: TABLE DATA; Schema: public; Owner: postgres
--

COPY public.solicitudes_solicitud (id, fecha, descripcion, fecha_inicio, fecha_entrega, fecha_cierre, observacion, actividad_id, estado_id, usuario_solicitante_id, usuario_tecnico_id) FROM stdin;
1	2023-05-22 16:13:34.714911-05	Tengo un problema con el sistema operativo	\N	\N	2023-05-21 19:00:00-05	se actualizo exitosamente le sistema operativo	1	5	1	2
2	2023-05-25 00:51:13.766363-05	aaa	\N	\N	\N	\N	1	1	1	\N
3	2023-05-25 00:51:14.871901-05	aaa	\N	\N	\N	\N	1	1	1	\N
4	2023-05-25 00:51:20.268646-05	aaa	\N	\N	\N	\N	1	1	1	\N
5	2023-05-25 01:30:57.30805-05	Necesito actualizar mi computadora a windows11	\N	\N	\N	\N	1	1	1	\N
6	2023-05-25 01:36:42.78336-05	Suena algo cuando intento encender el computador	\N	\N	\N	\N	3	1	1	\N
7	2023-05-25 01:38:24.923495-05	Prueba	\N	\N	\N	\N	3	1	1	\N
8	2023-05-25 01:39:10.987559-05	Licencia de office 2023	\N	\N	\N	\N	2	1	1	\N
9	2023-05-25 01:39:46.092362-05	Actualización de licencia	\N	\N	\N	\N	2	1	1	\N
10	2023-05-25 01:41:41.075746-05	No se que le sucede a mi pc	\N	\N	\N	\N	3	1	1	\N
12	2023-05-27 02:43:46.253381-05	Licencia de office 2023 v2	\N	\N	\N	\N	2	1	1	\N
13	2023-05-27 02:45:13.708908-05	Licencia de office 2023 v333333333333333333333333	\N	\N	\N	\N	2	1	1	\N
14	2023-05-27 02:46:30.411379-05	Licencia de office 2023 v2	\N	\N	\N	\N	2	1	1	\N
15	2023-05-27 02:49:36.133701-05	Licencia de office 2023 v4444444444444444	\N	\N	\N	\N	2	1	1	2
\.


--
-- Data for Name: usuarios_rol; Type: TABLE DATA; Schema: public; Owner: postgres
--

COPY public.usuarios_rol (id, descripcion) FROM stdin;
1	Empleado
2	Tecnico
3	Lider de servicio
\.


--
-- Data for Name: usuarios_usuario; Type: TABLE DATA; Schema: public; Owner: postgres
--

COPY public.usuarios_usuario (id, password, last_login, is_superuser, username, first_name, last_name, email, is_staff, is_active, date_joined, documento, rol_id) FROM stdin;
2	pbkdf2_sha256$600000$su48zh2h36iK67cAt6sUBD$8SfGlJjUV+UXD3teQWxhvrmR6RtAuQ1T7aIRyTrKDzA=	\N	f	tecnico	Manuel Alejandro	Duarte Perez	tenico@gmail.com	f	t	2023-05-22 00:44:58.475121-05	11111111	2
1	pbkdf2_sha256$600000$8BLkgl5bQw1chx0ishH0qp$pw0Hg5O+1U33noOylTjN9/I68KhVwavuY/i3Ix9mG5o=	\N	f	rafael	Jose Rafael	Pena Mena	joserafaelpenamena@gmail.com	f	t	2023-05-22 00:44:58.475121-05	1193477942	1
3	pbkdf2_sha256$600000$sAknmbxv5lyep6dpIlseQ0$5NUYopg/QmX7EC79tSxUFh0dJp9x746BsMekIeuvHJM=	\N	f	lider	Fredy David	Rojas Perez	lider@gmail.com	f	t	2023-05-22 15:54:20.007805-05	2222222	3
4	pbkdf2_sha256$600000$SpKfBFkuRWsWzVMaXJ6ETu$hlJ+n125kTqiiDVG3I7/k4zKHKeRVCnh5GGctais65s=	\N	f	liderHardware	Andres Perez	Mena Perez	liderHardware@gmail.com	f	t	2023-05-22 16:05:26.597825-05	3333333	3
\.


--
-- Data for Name: usuarios_usuario_groups; Type: TABLE DATA; Schema: public; Owner: postgres
--

COPY public.usuarios_usuario_groups (id, usuario_id, group_id) FROM stdin;
\.


--
-- Data for Name: usuarios_usuario_user_permissions; Type: TABLE DATA; Schema: public; Owner: postgres
--

COPY public.usuarios_usuario_user_permissions (id, usuario_id, permission_id) FROM stdin;
\.


--
-- Name: actividades_actividad_id_seq; Type: SEQUENCE SET; Schema: public; Owner: postgres
--

SELECT pg_catalog.setval('public.actividades_actividad_id_seq', 6, true);


--
-- Name: actividades_categoria_id_seq; Type: SEQUENCE SET; Schema: public; Owner: postgres
--

SELECT pg_catalog.setval('public.actividades_categoria_id_seq', 2, true);


--
-- Name: actividades_usuario_actividad_id_seq; Type: SEQUENCE SET; Schema: public; Owner: postgres
--

SELECT pg_catalog.setval('public.actividades_usuario_actividad_id_seq', 3, true);


--
-- Name: auth_group_id_seq; Type: SEQUENCE SET; Schema: public; Owner: postgres
--

SELECT pg_catalog.setval('public.auth_group_id_seq', 1, false);


--
-- Name: auth_group_permissions_id_seq; Type: SEQUENCE SET; Schema: public; Owner: postgres
--

SELECT pg_catalog.setval('public.auth_group_permissions_id_seq', 1, false);


--
-- Name: auth_permission_id_seq; Type: SEQUENCE SET; Schema: public; Owner: postgres
--

SELECT pg_catalog.setval('public.auth_permission_id_seq', 52, true);


--
-- Name: django_admin_log_id_seq; Type: SEQUENCE SET; Schema: public; Owner: postgres
--

SELECT pg_catalog.setval('public.django_admin_log_id_seq', 1, false);


--
-- Name: django_content_type_id_seq; Type: SEQUENCE SET; Schema: public; Owner: postgres
--

SELECT pg_catalog.setval('public.django_content_type_id_seq', 13, true);


--
-- Name: django_migrations_id_seq; Type: SEQUENCE SET; Schema: public; Owner: postgres
--

SELECT pg_catalog.setval('public.django_migrations_id_seq', 28, true);


--
-- Name: solicitudes_estado_id_seq; Type: SEQUENCE SET; Schema: public; Owner: postgres
--

SELECT pg_catalog.setval('public.solicitudes_estado_id_seq', 5, true);


--
-- Name: solicitudes_rol_estado_id_seq; Type: SEQUENCE SET; Schema: public; Owner: postgres
--

SELECT pg_catalog.setval('public.solicitudes_rol_estado_id_seq', 5, true);


--
-- Name: solicitudes_solicitud_id_seq; Type: SEQUENCE SET; Schema: public; Owner: postgres
--

SELECT pg_catalog.setval('public.solicitudes_solicitud_id_seq', 16, true);


--
-- Name: usuarios_rol_id_seq; Type: SEQUENCE SET; Schema: public; Owner: postgres
--

SELECT pg_catalog.setval('public.usuarios_rol_id_seq', 4, true);


--
-- Name: usuarios_usuario_groups_id_seq; Type: SEQUENCE SET; Schema: public; Owner: postgres
--

SELECT pg_catalog.setval('public.usuarios_usuario_groups_id_seq', 1, false);


--
-- Name: usuarios_usuario_id_seq; Type: SEQUENCE SET; Schema: public; Owner: postgres
--

SELECT pg_catalog.setval('public.usuarios_usuario_id_seq', 4, true);


--
-- Name: usuarios_usuario_user_permissions_id_seq; Type: SEQUENCE SET; Schema: public; Owner: postgres
--

SELECT pg_catalog.setval('public.usuarios_usuario_user_permissions_id_seq', 1, false);


--
-- Name: actividades_actividad actividades_actividad_pkey; Type: CONSTRAINT; Schema: public; Owner: postgres
--

ALTER TABLE ONLY public.actividades_actividad
    ADD CONSTRAINT actividades_actividad_pkey PRIMARY KEY (id);


--
-- Name: actividades_categoria actividades_categoria_pkey; Type: CONSTRAINT; Schema: public; Owner: postgres
--

ALTER TABLE ONLY public.actividades_categoria
    ADD CONSTRAINT actividades_categoria_pkey PRIMARY KEY (id);


--
-- Name: actividades_usuario_actividad actividades_usuario_actividad_pkey; Type: CONSTRAINT; Schema: public; Owner: postgres
--

ALTER TABLE ONLY public.actividades_usuario_actividad
    ADD CONSTRAINT actividades_usuario_actividad_pkey PRIMARY KEY (id);


--
-- Name: auth_group auth_group_name_key; Type: CONSTRAINT; Schema: public; Owner: postgres
--

ALTER TABLE ONLY public.auth_group
    ADD CONSTRAINT auth_group_name_key UNIQUE (name);


--
-- Name: auth_group_permissions auth_group_permissions_group_id_permission_id_0cd325b0_uniq; Type: CONSTRAINT; Schema: public; Owner: postgres
--

ALTER TABLE ONLY public.auth_group_permissions
    ADD CONSTRAINT auth_group_permissions_group_id_permission_id_0cd325b0_uniq UNIQUE (group_id, permission_id);


--
-- Name: auth_group_permissions auth_group_permissions_pkey; Type: CONSTRAINT; Schema: public; Owner: postgres
--

ALTER TABLE ONLY public.auth_group_permissions
    ADD CONSTRAINT auth_group_permissions_pkey PRIMARY KEY (id);


--
-- Name: auth_group auth_group_pkey; Type: CONSTRAINT; Schema: public; Owner: postgres
--

ALTER TABLE ONLY public.auth_group
    ADD CONSTRAINT auth_group_pkey PRIMARY KEY (id);


--
-- Name: auth_permission auth_permission_content_type_id_codename_01ab375a_uniq; Type: CONSTRAINT; Schema: public; Owner: postgres
--

ALTER TABLE ONLY public.auth_permission
    ADD CONSTRAINT auth_permission_content_type_id_codename_01ab375a_uniq UNIQUE (content_type_id, codename);


--
-- Name: auth_permission auth_permission_pkey; Type: CONSTRAINT; Schema: public; Owner: postgres
--

ALTER TABLE ONLY public.auth_permission
    ADD CONSTRAINT auth_permission_pkey PRIMARY KEY (id);


--
-- Name: django_admin_log django_admin_log_pkey; Type: CONSTRAINT; Schema: public; Owner: postgres
--

ALTER TABLE ONLY public.django_admin_log
    ADD CONSTRAINT django_admin_log_pkey PRIMARY KEY (id);


--
-- Name: django_content_type django_content_type_app_label_model_76bd3d3b_uniq; Type: CONSTRAINT; Schema: public; Owner: postgres
--

ALTER TABLE ONLY public.django_content_type
    ADD CONSTRAINT django_content_type_app_label_model_76bd3d3b_uniq UNIQUE (app_label, model);


--
-- Name: django_content_type django_content_type_pkey; Type: CONSTRAINT; Schema: public; Owner: postgres
--

ALTER TABLE ONLY public.django_content_type
    ADD CONSTRAINT django_content_type_pkey PRIMARY KEY (id);


--
-- Name: django_migrations django_migrations_pkey; Type: CONSTRAINT; Schema: public; Owner: postgres
--

ALTER TABLE ONLY public.django_migrations
    ADD CONSTRAINT django_migrations_pkey PRIMARY KEY (id);


--
-- Name: django_session django_session_pkey; Type: CONSTRAINT; Schema: public; Owner: postgres
--

ALTER TABLE ONLY public.django_session
    ADD CONSTRAINT django_session_pkey PRIMARY KEY (session_key);


--
-- Name: solicitudes_estado solicitudes_estado_pkey; Type: CONSTRAINT; Schema: public; Owner: postgres
--

ALTER TABLE ONLY public.solicitudes_estado
    ADD CONSTRAINT solicitudes_estado_pkey PRIMARY KEY (id);


--
-- Name: solicitudes_rol_estado solicitudes_rol_estado_pkey; Type: CONSTRAINT; Schema: public; Owner: postgres
--

ALTER TABLE ONLY public.solicitudes_rol_estado
    ADD CONSTRAINT solicitudes_rol_estado_pkey PRIMARY KEY (id);


--
-- Name: solicitudes_solicitud solicitudes_solicitud_pkey; Type: CONSTRAINT; Schema: public; Owner: postgres
--

ALTER TABLE ONLY public.solicitudes_solicitud
    ADD CONSTRAINT solicitudes_solicitud_pkey PRIMARY KEY (id);


--
-- Name: usuarios_rol usuarios_rol_pkey; Type: CONSTRAINT; Schema: public; Owner: postgres
--

ALTER TABLE ONLY public.usuarios_rol
    ADD CONSTRAINT usuarios_rol_pkey PRIMARY KEY (id);


--
-- Name: usuarios_usuario_groups usuarios_usuario_groups_pkey; Type: CONSTRAINT; Schema: public; Owner: postgres
--

ALTER TABLE ONLY public.usuarios_usuario_groups
    ADD CONSTRAINT usuarios_usuario_groups_pkey PRIMARY KEY (id);


--
-- Name: usuarios_usuario_groups usuarios_usuario_groups_usuario_id_group_id_4ed5b09e_uniq; Type: CONSTRAINT; Schema: public; Owner: postgres
--

ALTER TABLE ONLY public.usuarios_usuario_groups
    ADD CONSTRAINT usuarios_usuario_groups_usuario_id_group_id_4ed5b09e_uniq UNIQUE (usuario_id, group_id);


--
-- Name: usuarios_usuario usuarios_usuario_pkey; Type: CONSTRAINT; Schema: public; Owner: postgres
--

ALTER TABLE ONLY public.usuarios_usuario
    ADD CONSTRAINT usuarios_usuario_pkey PRIMARY KEY (id);


--
-- Name: usuarios_usuario_user_permissions usuarios_usuario_user_pe_usuario_id_permission_id_217cadcd_uniq; Type: CONSTRAINT; Schema: public; Owner: postgres
--

ALTER TABLE ONLY public.usuarios_usuario_user_permissions
    ADD CONSTRAINT usuarios_usuario_user_pe_usuario_id_permission_id_217cadcd_uniq UNIQUE (usuario_id, permission_id);


--
-- Name: usuarios_usuario_user_permissions usuarios_usuario_user_permissions_pkey; Type: CONSTRAINT; Schema: public; Owner: postgres
--

ALTER TABLE ONLY public.usuarios_usuario_user_permissions
    ADD CONSTRAINT usuarios_usuario_user_permissions_pkey PRIMARY KEY (id);


--
-- Name: usuarios_usuario usuarios_usuario_username_key; Type: CONSTRAINT; Schema: public; Owner: postgres
--

ALTER TABLE ONLY public.usuarios_usuario
    ADD CONSTRAINT usuarios_usuario_username_key UNIQUE (username);


--
-- Name: actividades_actividad_categoria_id_id_8c4c9f9c; Type: INDEX; Schema: public; Owner: postgres
--

CREATE INDEX actividades_actividad_categoria_id_id_8c4c9f9c ON public.actividades_actividad USING btree (categoria_id);


--
-- Name: actividades_categoria_usuario_id_id_b96f142c; Type: INDEX; Schema: public; Owner: postgres
--

CREATE INDEX actividades_categoria_usuario_id_id_b96f142c ON public.actividades_categoria USING btree (usuario_id);


--
-- Name: actividades_usuario_actividad_actividad_id_931c99b2; Type: INDEX; Schema: public; Owner: postgres
--

CREATE INDEX actividades_usuario_actividad_actividad_id_931c99b2 ON public.actividades_usuario_actividad USING btree (actividad_id);


--
-- Name: actividades_usuario_actividad_usuario_id_id_82c7d660; Type: INDEX; Schema: public; Owner: postgres
--

CREATE INDEX actividades_usuario_actividad_usuario_id_id_82c7d660 ON public.actividades_usuario_actividad USING btree (usuario_id);


--
-- Name: auth_group_name_a6ea08ec_like; Type: INDEX; Schema: public; Owner: postgres
--

CREATE INDEX auth_group_name_a6ea08ec_like ON public.auth_group USING btree (name varchar_pattern_ops);


--
-- Name: auth_group_permissions_group_id_b120cbf9; Type: INDEX; Schema: public; Owner: postgres
--

CREATE INDEX auth_group_permissions_group_id_b120cbf9 ON public.auth_group_permissions USING btree (group_id);


--
-- Name: auth_group_permissions_permission_id_84c5c92e; Type: INDEX; Schema: public; Owner: postgres
--

CREATE INDEX auth_group_permissions_permission_id_84c5c92e ON public.auth_group_permissions USING btree (permission_id);


--
-- Name: auth_permission_content_type_id_2f476e4b; Type: INDEX; Schema: public; Owner: postgres
--

CREATE INDEX auth_permission_content_type_id_2f476e4b ON public.auth_permission USING btree (content_type_id);


--
-- Name: django_admin_log_content_type_id_c4bce8eb; Type: INDEX; Schema: public; Owner: postgres
--

CREATE INDEX django_admin_log_content_type_id_c4bce8eb ON public.django_admin_log USING btree (content_type_id);


--
-- Name: django_admin_log_user_id_c564eba6; Type: INDEX; Schema: public; Owner: postgres
--

CREATE INDEX django_admin_log_user_id_c564eba6 ON public.django_admin_log USING btree (user_id);


--
-- Name: django_session_expire_date_a5c62663; Type: INDEX; Schema: public; Owner: postgres
--

CREATE INDEX django_session_expire_date_a5c62663 ON public.django_session USING btree (expire_date);


--
-- Name: django_session_session_key_c0390e0f_like; Type: INDEX; Schema: public; Owner: postgres
--

CREATE INDEX django_session_session_key_c0390e0f_like ON public.django_session USING btree (session_key varchar_pattern_ops);


--
-- Name: solicitudes_rol_estado_estado_id_id_32fd2c23; Type: INDEX; Schema: public; Owner: postgres
--

CREATE INDEX solicitudes_rol_estado_estado_id_id_32fd2c23 ON public.solicitudes_rol_estado USING btree (estado_id);


--
-- Name: solicitudes_rol_estado_rol_id_id_77fe5c70; Type: INDEX; Schema: public; Owner: postgres
--

CREATE INDEX solicitudes_rol_estado_rol_id_id_77fe5c70 ON public.solicitudes_rol_estado USING btree (rol_id);


--
-- Name: solicitudes_solicitud_actividad_id_id_e7755c38; Type: INDEX; Schema: public; Owner: postgres
--

CREATE INDEX solicitudes_solicitud_actividad_id_id_e7755c38 ON public.solicitudes_solicitud USING btree (actividad_id);


--
-- Name: solicitudes_solicitud_estado_id_id_37774ee0; Type: INDEX; Schema: public; Owner: postgres
--

CREATE INDEX solicitudes_solicitud_estado_id_id_37774ee0 ON public.solicitudes_solicitud USING btree (estado_id);


--
-- Name: solicitudes_solicitud_usuario_id_solicitante_id_d8b8f7fb; Type: INDEX; Schema: public; Owner: postgres
--

CREATE INDEX solicitudes_solicitud_usuario_id_solicitante_id_d8b8f7fb ON public.solicitudes_solicitud USING btree (usuario_solicitante_id);


--
-- Name: solicitudes_solicitud_usuario_id_tecnico_id_422b1d04; Type: INDEX; Schema: public; Owner: postgres
--

CREATE INDEX solicitudes_solicitud_usuario_id_tecnico_id_422b1d04 ON public.solicitudes_solicitud USING btree (usuario_tecnico_id);


--
-- Name: usuarios_usuario_groups_group_id_e77f6dcf; Type: INDEX; Schema: public; Owner: postgres
--

CREATE INDEX usuarios_usuario_groups_group_id_e77f6dcf ON public.usuarios_usuario_groups USING btree (group_id);


--
-- Name: usuarios_usuario_groups_usuario_id_7a34077f; Type: INDEX; Schema: public; Owner: postgres
--

CREATE INDEX usuarios_usuario_groups_usuario_id_7a34077f ON public.usuarios_usuario_groups USING btree (usuario_id);


--
-- Name: usuarios_usuario_rol_id_id_e44d8b8d; Type: INDEX; Schema: public; Owner: postgres
--

CREATE INDEX usuarios_usuario_rol_id_id_e44d8b8d ON public.usuarios_usuario USING btree (rol_id);


--
-- Name: usuarios_usuario_user_permissions_permission_id_4e5c0f2f; Type: INDEX; Schema: public; Owner: postgres
--

CREATE INDEX usuarios_usuario_user_permissions_permission_id_4e5c0f2f ON public.usuarios_usuario_user_permissions USING btree (permission_id);


--
-- Name: usuarios_usuario_user_permissions_usuario_id_60aeea80; Type: INDEX; Schema: public; Owner: postgres
--

CREATE INDEX usuarios_usuario_user_permissions_usuario_id_60aeea80 ON public.usuarios_usuario_user_permissions USING btree (usuario_id);


--
-- Name: usuarios_usuario_username_be9def2b_like; Type: INDEX; Schema: public; Owner: postgres
--

CREATE INDEX usuarios_usuario_username_be9def2b_like ON public.usuarios_usuario USING btree (username varchar_pattern_ops);


--
-- Name: actividades_actividad actividades_activida_categoria_id_8bc2d81a_fk_actividad; Type: FK CONSTRAINT; Schema: public; Owner: postgres
--

ALTER TABLE ONLY public.actividades_actividad
    ADD CONSTRAINT actividades_activida_categoria_id_8bc2d81a_fk_actividad FOREIGN KEY (categoria_id) REFERENCES public.actividades_categoria(id) DEFERRABLE INITIALLY DEFERRED;


--
-- Name: actividades_categoria actividades_categori_usuario_id_1e92acb2_fk_usuarios_; Type: FK CONSTRAINT; Schema: public; Owner: postgres
--

ALTER TABLE ONLY public.actividades_categoria
    ADD CONSTRAINT actividades_categori_usuario_id_1e92acb2_fk_usuarios_ FOREIGN KEY (usuario_id) REFERENCES public.usuarios_usuario(id) DEFERRABLE INITIALLY DEFERRED;


--
-- Name: actividades_usuario_actividad actividades_usuario__actividad_id_931c99b2_fk_actividad; Type: FK CONSTRAINT; Schema: public; Owner: postgres
--

ALTER TABLE ONLY public.actividades_usuario_actividad
    ADD CONSTRAINT actividades_usuario__actividad_id_931c99b2_fk_actividad FOREIGN KEY (actividad_id) REFERENCES public.actividades_actividad(id) DEFERRABLE INITIALLY DEFERRED;


--
-- Name: actividades_usuario_actividad actividades_usuario__usuario_id_bcfc6958_fk_usuarios_; Type: FK CONSTRAINT; Schema: public; Owner: postgres
--

ALTER TABLE ONLY public.actividades_usuario_actividad
    ADD CONSTRAINT actividades_usuario__usuario_id_bcfc6958_fk_usuarios_ FOREIGN KEY (usuario_id) REFERENCES public.usuarios_usuario(id) DEFERRABLE INITIALLY DEFERRED;


--
-- Name: auth_group_permissions auth_group_permissio_permission_id_84c5c92e_fk_auth_perm; Type: FK CONSTRAINT; Schema: public; Owner: postgres
--

ALTER TABLE ONLY public.auth_group_permissions
    ADD CONSTRAINT auth_group_permissio_permission_id_84c5c92e_fk_auth_perm FOREIGN KEY (permission_id) REFERENCES public.auth_permission(id) DEFERRABLE INITIALLY DEFERRED;


--
-- Name: auth_group_permissions auth_group_permissions_group_id_b120cbf9_fk_auth_group_id; Type: FK CONSTRAINT; Schema: public; Owner: postgres
--

ALTER TABLE ONLY public.auth_group_permissions
    ADD CONSTRAINT auth_group_permissions_group_id_b120cbf9_fk_auth_group_id FOREIGN KEY (group_id) REFERENCES public.auth_group(id) DEFERRABLE INITIALLY DEFERRED;


--
-- Name: auth_permission auth_permission_content_type_id_2f476e4b_fk_django_co; Type: FK CONSTRAINT; Schema: public; Owner: postgres
--

ALTER TABLE ONLY public.auth_permission
    ADD CONSTRAINT auth_permission_content_type_id_2f476e4b_fk_django_co FOREIGN KEY (content_type_id) REFERENCES public.django_content_type(id) DEFERRABLE INITIALLY DEFERRED;


--
-- Name: django_admin_log django_admin_log_content_type_id_c4bce8eb_fk_django_co; Type: FK CONSTRAINT; Schema: public; Owner: postgres
--

ALTER TABLE ONLY public.django_admin_log
    ADD CONSTRAINT django_admin_log_content_type_id_c4bce8eb_fk_django_co FOREIGN KEY (content_type_id) REFERENCES public.django_content_type(id) DEFERRABLE INITIALLY DEFERRED;


--
-- Name: django_admin_log django_admin_log_user_id_c564eba6_fk_usuarios_usuario_id; Type: FK CONSTRAINT; Schema: public; Owner: postgres
--

ALTER TABLE ONLY public.django_admin_log
    ADD CONSTRAINT django_admin_log_user_id_c564eba6_fk_usuarios_usuario_id FOREIGN KEY (user_id) REFERENCES public.usuarios_usuario(id) DEFERRABLE INITIALLY DEFERRED;


--
-- Name: solicitudes_rol_estado solicitudes_rol_esta_estado_id_a817f6ac_fk_solicitud; Type: FK CONSTRAINT; Schema: public; Owner: postgres
--

ALTER TABLE ONLY public.solicitudes_rol_estado
    ADD CONSTRAINT solicitudes_rol_esta_estado_id_a817f6ac_fk_solicitud FOREIGN KEY (estado_id) REFERENCES public.solicitudes_estado(id) DEFERRABLE INITIALLY DEFERRED;


--
-- Name: solicitudes_rol_estado solicitudes_rol_estado_rol_id_1a26c12c_fk_usuarios_rol_id; Type: FK CONSTRAINT; Schema: public; Owner: postgres
--

ALTER TABLE ONLY public.solicitudes_rol_estado
    ADD CONSTRAINT solicitudes_rol_estado_rol_id_1a26c12c_fk_usuarios_rol_id FOREIGN KEY (rol_id) REFERENCES public.usuarios_rol(id) DEFERRABLE INITIALLY DEFERRED;


--
-- Name: solicitudes_solicitud solicitudes_solicitu_actividad_id_c8193f80_fk_actividad; Type: FK CONSTRAINT; Schema: public; Owner: postgres
--

ALTER TABLE ONLY public.solicitudes_solicitud
    ADD CONSTRAINT solicitudes_solicitu_actividad_id_c8193f80_fk_actividad FOREIGN KEY (actividad_id) REFERENCES public.actividades_actividad(id) DEFERRABLE INITIALLY DEFERRED;


--
-- Name: solicitudes_solicitud solicitudes_solicitu_estado_id_368a6767_fk_solicitud; Type: FK CONSTRAINT; Schema: public; Owner: postgres
--

ALTER TABLE ONLY public.solicitudes_solicitud
    ADD CONSTRAINT solicitudes_solicitu_estado_id_368a6767_fk_solicitud FOREIGN KEY (estado_id) REFERENCES public.solicitudes_estado(id) DEFERRABLE INITIALLY DEFERRED;


--
-- Name: solicitudes_solicitud solicitudes_solicitu_usuario_solicitante__d1714021_fk_usuarios_; Type: FK CONSTRAINT; Schema: public; Owner: postgres
--

ALTER TABLE ONLY public.solicitudes_solicitud
    ADD CONSTRAINT solicitudes_solicitu_usuario_solicitante__d1714021_fk_usuarios_ FOREIGN KEY (usuario_solicitante_id) REFERENCES public.usuarios_usuario(id) DEFERRABLE INITIALLY DEFERRED;


--
-- Name: solicitudes_solicitud solicitudes_solicitu_usuario_tecnico_id_c0a687a7_fk_usuarios_; Type: FK CONSTRAINT; Schema: public; Owner: postgres
--

ALTER TABLE ONLY public.solicitudes_solicitud
    ADD CONSTRAINT solicitudes_solicitu_usuario_tecnico_id_c0a687a7_fk_usuarios_ FOREIGN KEY (usuario_tecnico_id) REFERENCES public.usuarios_usuario(id) DEFERRABLE INITIALLY DEFERRED;


--
-- Name: usuarios_usuario_groups usuarios_usuario_gro_usuario_id_7a34077f_fk_usuarios_; Type: FK CONSTRAINT; Schema: public; Owner: postgres
--

ALTER TABLE ONLY public.usuarios_usuario_groups
    ADD CONSTRAINT usuarios_usuario_gro_usuario_id_7a34077f_fk_usuarios_ FOREIGN KEY (usuario_id) REFERENCES public.usuarios_usuario(id) DEFERRABLE INITIALLY DEFERRED;


--
-- Name: usuarios_usuario_groups usuarios_usuario_groups_group_id_e77f6dcf_fk_auth_group_id; Type: FK CONSTRAINT; Schema: public; Owner: postgres
--

ALTER TABLE ONLY public.usuarios_usuario_groups
    ADD CONSTRAINT usuarios_usuario_groups_group_id_e77f6dcf_fk_auth_group_id FOREIGN KEY (group_id) REFERENCES public.auth_group(id) DEFERRABLE INITIALLY DEFERRED;


--
-- Name: usuarios_usuario usuarios_usuario_rol_id_b0d64932_fk_usuarios_rol_id; Type: FK CONSTRAINT; Schema: public; Owner: postgres
--

ALTER TABLE ONLY public.usuarios_usuario
    ADD CONSTRAINT usuarios_usuario_rol_id_b0d64932_fk_usuarios_rol_id FOREIGN KEY (rol_id) REFERENCES public.usuarios_rol(id) DEFERRABLE INITIALLY DEFERRED;


--
-- Name: usuarios_usuario_user_permissions usuarios_usuario_use_permission_id_4e5c0f2f_fk_auth_perm; Type: FK CONSTRAINT; Schema: public; Owner: postgres
--

ALTER TABLE ONLY public.usuarios_usuario_user_permissions
    ADD CONSTRAINT usuarios_usuario_use_permission_id_4e5c0f2f_fk_auth_perm FOREIGN KEY (permission_id) REFERENCES public.auth_permission(id) DEFERRABLE INITIALLY DEFERRED;


--
-- Name: usuarios_usuario_user_permissions usuarios_usuario_use_usuario_id_60aeea80_fk_usuarios_; Type: FK CONSTRAINT; Schema: public; Owner: postgres
--

ALTER TABLE ONLY public.usuarios_usuario_user_permissions
    ADD CONSTRAINT usuarios_usuario_use_usuario_id_60aeea80_fk_usuarios_ FOREIGN KEY (usuario_id) REFERENCES public.usuarios_usuario(id) DEFERRABLE INITIALLY DEFERRED;


--
-- PostgreSQL database dump complete
--

